date,product,quantity
2024-01-01,LED Smart Bulb 9W RGB WiFi,8
2024-01-01,Crystal Cascade Chandelier 600mm,2
2024-01-01,Glass Pendant Light Ø300mm Clear,4
2024-01-01,LED Panel Ceiling Light 600×600 40W,1
2024-01-01,Modern Wall Sconce Brushed Nickel,3
2024-01-02,LED Smart Bulb 9W RGB WiFi,10
2024-01-02,Desk Lamp LED 10W Touch Control,5
2024-01-02,RGB LED Strip 5m SMD5050 Waterproof,6
2024-01-02,Industrial Pendant Light Black Matte 400mm,2
2024-01-02,LED Downlight 12W 3000K Round,3
2024-01-03,LED Smart Bulb 9W RGB WiFi,12
2024-01-03,Dimmable LED Bulb 5W 2700K Soft White,8
2024-01-03,Modern Pendant Light Adjustable Height Gold,3
2024-01-03,Flush-Mount Ceiling Light Round 1200mm,2
2024-01-03,Reading Wall Lamp ARM Adjustable 500mm,4
2024-01-04,LED Track Light 20W Black Rail,5
2024-01-04,LED Smart Bulb 9W RGB WiFi,9
2024-01-04,Garden Light LED Spike 400mm,6
2024-01-04,Smart LED Strip 5m RGB + Controller,4
2024-01-04,Color-Changing LED Bulb E27 7W,7
2024-01-05,Reading Floor Lamp LED Ring 1600mm,3
2024-01-05,LED Smart Bulb 9W RGB WiFi,11
2024-01-05,Glass Pendant Light Ø300mm Clear,5
2024-01-05,Desk Lamp LED 10W Touch Control,4
2024-01-05,Modern Linear Chandelier 8-Light Brushed Nickel,1
2024-01-06,LED Smart Bulb 9W RGB WiFi,13
2024-01-06,RGB LED Strip 5m SMD5050 Waterproof,7
2024-01-06,LED Downlight 12W 3000K Round,4
2024-01-06,Garden Lantern Solar Powered 600mm,2
2024-01-06,Adjustable Spotlight 10W Track Mount,3
2024-01-07,LED Smart Bulb 9W RGB WiFi,10
2024-01-07,Industrial Pendant Light Black Matte 400mm,6
2024-01-07,Smart LED Strip 5m RGB + Controller,5
2024-01-07,Decorative Ceiling Light Gold Finish 500mm,2
2024-01-07,Modern Wall Sconce Brushed Nickel,4
2024-01-08,LED Smart Bulb 9W RGB WiFi,14
2024-01-08,Dimmable LED Bulb 5W 2700K Soft White,9
2024-01-08,Desk Lamp LED 10W Touch Control,6
2024-01-08,LED Track Light 20W Black Rail,3
2024-01-08,Color-Changing LED Bulb E27 7W,8
2024-01-09,LED Smart Bulb 9W RGB WiFi,11
2024-01-09,Glass Pendant Light Ø300mm Clear,4
2024-01-09,RGB LED Strip 5m SMD5050 Waterproof,5
2024-01-09,Pathway Light Stainless Steel 600mm,3
2024-01-09,LED Emergency Light Built-In Battery 4W,2
2024-01-10,LED Smart Bulb 9W RGB WiFi,12
2024-01-10,Reading Floor Lamp LED Ring 1600mm,4
2024-01-10,Smart LED Strip 5m RGB + Controller,6
2024-01-10,Adjustable Recessed Light 15W Square,3
2024-01-10,Modern Pendant Light Adjustable Height Gold,2
2024-01-11,LED Smart Bulb 9W RGB WiFi,10
2024-01-11,Crystal Cascade Chandelier 600mm,1
2024-01-11,Desk Lamp LED 10W Touch Control,5
2024-01-11,LED Downlight 12W 3000K Round,4
2024-01-11,Reading Wall Lamp ARM Adjustable 500mm,3
2024-01-12,LED Smart Bulb 9W RGB WiFi,9
2024-01-12,Industrial Pendant Light Black Matte 400mm,5
2024-01-12,RGB LED Strip 5m SMD5050 Waterproof,4
2024-01-12,LED Track Light 20W Black Rail,2
2024-01-12,Garden Light LED Spike 400mm,6
2024-01-13,LED Smart Bulb 9W RGB WiFi,13
2024-01-13,Dimmable LED Bulb 5W 2700K Soft White,10
2024-01-13,Glass Pendant Light Ø300mm Clear,6
2024-01-13,Flush-Mount Ceiling Light Round 1200mm,2
2024-01-13,Decorative Wall Light Crystal Accent,3
2024-01-14,LED Smart Bulb 9W RGB WiFi,11
2024-01-14,Smart LED Strip 5m RGB + Controller,7
2024-01-14,Reading Floor Lamp LED Ring 1600mm,3
2024-01-14,Adjustable Spotlight 10W Track Mount,4
2024-01-14,Color-Changing LED Bulb E27 7W,6
2024-01-15,LED Smart Bulb 9W RGB WiFi,12
2024-01-15,Desk Lamp LED 10W Touch Control,5
2024-01-15,LED Downlight 12W 3000K Round,5
2024-01-15,Garden Lantern Solar Powered 600mm,2
2024-01-15,Modern Linear Chandelier 8-Light Brushed Nickel,1
2024-01-16,LED Smart Bulb 9W RGB WiFi,10
2024-01-16,RGB LED Strip 5m SMD5050 Waterproof,8
2024-01-16,Industrial Pendant Light Black Matte 400mm,4
2024-01-16,LED Track Light 20W Black Rail,3
2024-01-16,Pathway Light Stainless Steel 600mm,2
2024-01-17,LED Smart Bulb 9W RGB WiFi,14
2024-01-17,Dimmable LED Bulb 5W 2700K Soft White,7
2024-01-17,Glass Pendant Light Ø300mm Clear,5
2024-01-17,Smart LED Strip 5m RGB + Controller,4
2024-01-17,LED Emergency Light Built-In Battery 4W,2
2024-01-18,LED Smart Bulb 9W RGB WiFi,11
2024-01-18,Reading Floor Lamp LED Ring 1600mm,4
2024-01-18,Decorative Ceiling Light Gold Finish 500mm,3
2024-01-18,Adjustable Recessed Light 15W Square,2
2024-01-18,Reading Wall Lamp ARM Adjustable 500mm,5
2024-01-19,LED Smart Bulb 9W RGB WiFi,13
2024-01-19,Desk Lamp LED 10W Touch Control,6
2024-01-19,LED Downlight 12W 3000K Round,4
2024-01-19,Garden Light LED Spike 400mm,3
2024-01-19,Color-Changing LED Bulb E27 7W,7
2024-01-20,LED Smart Bulb 9W RGB WiFi,10
2024-01-20,Crystal Cascade Chandelier 600mm,1
2024-01-20,RGB LED Strip 5m SMD5050 Waterproof,5
2024-01-20,LED Track Light 20W Black Rail,2
2024-01-20,Modern Pendant Light Adjustable Height Gold,3
2024-01-21,LED Smart Bulb 9W RGB WiFi,12
2024-01-21,Industrial Pendant Light Black Matte 400mm,6
2024-01-21,Smart LED Strip 5m RGB + Controller,5
2024-01-21,Flush-Mount Ceiling Light Round 1200mm,2
2024-01-21,Decorative Wall Light Crystal Accent,4
2024-01-22,LED Smart Bulb 9W RGB WiFi,11
2024-01-22,Dimmable LED Bulb 5W 2700K Soft White,8
2024-01-22,Reading Floor Lamp LED Ring 1600mm,3
2024-01-22,LED Downlight 12W 3000K Round,4
2024-01-22,Pathway Light Stainless Steel 600mm,2
2024-01-23,LED Smart Bulb 9W RGB WiFi,14
2024-01-23,Glass Pendant Light Ø300mm Clear,5
2024-01-23,LED Emergency Light Built-In Battery 4W,3
2024-01-23,Adjustable Recessed Light 15W Square,2
2024-01-23,Garden Lantern Solar Powered 600mm,1
2024-01-24,LED Smart Bulb 9W RGB WiFi,9
2024-01-24,Desk Lamp LED 10W Touch Control,6
2024-01-24,RGB LED Strip 5m SMD5050 Waterproof,4
2024-01-24,LED Track Light 20W Black Rail,3
2024-01-24,Color-Changing LED Bulb E27 7W,8
2024-01-25,LED Smart Bulb 9W RGB WiFi,13
2024-01-25,Modern Linear Chandelier 8-Light Brushed Nickel,1
2024-01-25,Smart LED Strip 5m RGB + Controller,6
2024-01-25,Reading Wall Lamp ARM Adjustable 500mm,4
2024-01-25,Adjustable Spotlight 10W Track Mount,2
2024-01-26,LED Smart Bulb 9W RGB WiFi,10
2024-01-26,Industrial Pendant Light Black Matte 400mm,5
2024-01-26,LED Downlight 12W 3000K Round,5
2024-01-26,Decorative Ceiling Light Gold Finish 500mm,2
2024-01-26,Garden Light LED Spike 400mm,3
2024-01-27,LED Smart Bulb 9W RGB WiFi,12
2024-01-27,Dimmable LED Bulb 5W 2700K Soft White,9
2024-01-27,Glass Pendant Light Ø300mm Clear,4
2024-01-27,RGB LED Strip 5m SMD5050 Waterproof,6
2024-01-27,Pathway Light Stainless Steel 600mm,2
2024-01-28,LED Smart Bulb 9W RGB WiFi,11
2024-01-28,Reading Floor Lamp LED Ring 1600mm,3
2024-01-28,LED Track Light 20W Black Rail,4
2024-01-28,Smart LED Strip 5m RGB + Controller,5
2024-01-28,Color-Changing LED Bulb E27 7W,7
2024-01-29,LED Smart Bulb 9W RGB WiFi,14
2024-01-29,Desk Lamp LED 10W Touch Control,5
2024-01-29,LED Emergency Light Built-In Battery 4W,2
2024-01-29,Adjustable Recessed Light 15W Square,3
2024-01-29,Modern Pendant Light Adjustable Height Gold,2
2024-01-30,LED Smart Bulb 9W RGB WiFi,10
2024-01-30,Crystal Cascade Chandelier 600mm,1
2024-01-30,LED Downlight 12W 3000K Round,4
2024-01-30,Garden Lantern Solar Powered 600mm,2
2024-01-30,Decorative Wall Light Crystal Accent,3
2024-01-31,LED Smart Bulb 9W RGB WiFi,13
2024-01-31,Industrial Pendant Light Black Matte 400mm,6
2024-01-31,RGB LED Strip 5m SMD5050 Waterproof,5
2024-01-31,Reading Wall Lamp ARM Adjustable 500mm,4
2024-01-31,LED Track Light 20W Black Rail,2
2024-02-01,LED Smart Bulb 9W RGB WiFi,11
2024-02-01,Dimmable LED Bulb 5W 2700K Soft White,8
2024-02-01,Glass Pendant Light Ø300mm Clear,5
2024-02-01,Smart LED Strip 5m RGB + Controller,6
2024-02-01,Flush-Mount Ceiling Light Round 1200mm,2
2024-02-02,LED Smart Bulb 9W RGB WiFi,12
2024-02-02,Reading Floor Lamp LED Ring 1600mm,4
2024-02-02,LED Downlight 12W 3000K Round,4
2024-02-02,Garden Light LED Spike 400mm,3
2024-02-02,Adjustable Spotlight 10W Track Mount,2
2024-02-03,LED Smart Bulb 9W RGB WiFi,10
2024-02-03,Desk Lamp LED 10W Touch Control,6
2024-02-03,Color-Changing LED Bulb E27 7W,7
2024-02-03,LED Emergency Light Built-In Battery 4W,2
2024-02-03,Pathway Light Stainless Steel 600mm,3
2024-02-04,LED Smart Bulb 9W RGB WiFi,14
2024-02-04,RGB LED Strip 5m SMD5050 Waterproof,4
2024-02-04,Modern Linear Chandelier 8-Light Brushed Nickel,1
2024-02-04,LED Track Light 20W Black Rail,3
2024-02-04,Modern Pendant Light Adjustable Height Gold,2
2024-02-05,LED Smart Bulb 9W RGB WiFi,9
2024-02-05,Industrial Pendant Light Black Matte 400mm,5
2024-02-05,Smart LED Strip 5m RGB + Controller,5
2024-02-05,Decorative Ceiling Light Gold Finish 500mm,2
2024-02-05,Garden Lantern Solar Powered 600mm,1
2024-02-06,LED Smart Bulb 9W RGB WiFi,13
2024-02-06,Dimmable LED Bulb 5W 2700K Soft White,9
2024-02-06,Glass Pendant Light Ø300mm Clear,6
2024-02-06,LED Downlight 12W 3000K Round,3
2024-02-06,Reading Wall Lamp ARM Adjustable 500mm,4
2024-02-07,LED Smart Bulb 9W RGB WiFi,11
2024-02-07,Reading Floor Lamp LED Ring 1600mm,3
2024-02-07,LED Emergency Light Built-In Battery 4W,2
2024-02-07,Adjustable Recessed Light 15W Square,3
2024-02-07,Color-Changing LED Bulb E27 7W,6
2024-02-08,LED Smart Bulb 9W RGB WiFi,12
2024-02-08,Desk Lamp LED 10W Touch Control,5
2024-02-08,RGB LED Strip 5m SMD5050 Waterproof,5
2024-02-08,LED Track Light 20W Black Rail,3
2024-02-08,Garden Light LED Spike 400mm,2
2024-02-09,LED Smart Bulb 9W RGB WiFi,10
2024-02-09,Crystal Cascade Chandelier 600mm,1
2024-02-09,Smart LED Strip 5m RGB + Controller,4
2024-02-09,Flush-Mount Ceiling Light Round 1200mm,2
2024-02-09,Decorative Wall Light Crystal Accent,3
2024-02-10,LED Smart Bulb 9W RGB WiFi,14
2024-02-10,Industrial Pendant Light Black Matte 400mm,6
2024-02-10,LED Downlight 12W 3000K Round,4
2024-02-10,Pathway Light Stainless Steel 600mm,2
2024-02-10,Adjustable Spotlight 10W Track Mount,3
2024-02-11,LED Smart Bulb 9W RGB WiFi,11
2024-02-11,Dimmable LED Bulb 5W 2700K Soft White,8
2024-02-11,Glass Pendant Light Ø300mm Clear,5
2024-02-11,LED Emergency Light Built-In Battery 4W,2
2024-02-11,Modern Pendant Light Adjustable Height Gold,2
2024-02-12,LED Smart Bulb 9W RGB WiFi,13
2024-02-12,Reading Floor Lamp LED Ring 1600mm,4
2024-02-12,RGB LED Strip 5m SMD5050 Waterproof,6
2024-02-12,LED Track Light 20W Black Rail,3
2024-02-12,Color-Changing LED Bulb E27 7W,7
2024-02-13,LED Smart Bulb 9W RGB WiFi,10
2024-02-13,Desk Lamp LED 10W Touch Control,5
2024-02-13,Smart LED Strip 5m RGB + Controller,4
2024-02-13,Decorative Ceiling Light Gold Finish 500mm,2
2024-02-13,Garden Lantern Solar Powered 600mm,1
2024-02-14,LED Smart Bulb 9W RGB WiFi,12
2024-02-14,Modern Linear Chandelier 8-Light Brushed Nickel,1
2024-02-14,LED Downlight 12W 3000K Round,5
2024-02-14,Reading Wall Lamp ARM Adjustable 500mm,4
2024-02-14,Adjustable Recessed Light 15W Square,2
2024-02-15,LED Smart Bulb 9W RGB WiFi,11
2024-02-15,Industrial Pendant Light Black Matte 400mm,5
2024-02-15,Dimmable LED Bulb 5W 2700K Soft White,8
2024-02-15,LED Emergency Light Built-In Battery 4W,2
2024-02-15,Garden Light LED Spike 400mm,3
2024-02-16,LED Smart Bulb 9W RGB WiFi,14
2024-02-16,Glass Pendant Light Ø300mm Clear,6
2024-02-16,RGB LED Strip 5m SMD5050 Waterproof,5
2024-02-16,LED Track Light 20W Black Rail,3
2024-02-16,Pathway Light Stainless Steel 600mm,2
2024-02-17,LED Smart Bulb 9W RGB WiFi,10
2024-02-17,Reading Floor Lamp LED Ring 1600mm,3
2024-02-17,Smart LED Strip 5m RGB + Controller,6
2024-02-17,Decorative Wall Light Crystal Accent,3
2024-02-17,Color-Changing LED Bulb E27 7W,7
2024-02-18,LED Smart Bulb 9W RGB WiFi,13
2024-02-18,Desk Lamp LED 10W Touch Control,5
2024-02-18,Crystal Cascade Chandelier 600mm,1
2024-02-18,LED Downlight 12W 3000K Round,4
2024-02-18,Adjustable Spotlight 10W Track Mount,2
2024-02-19,LED Smart Bulb 9W RGB WiFi,11
2024-02-19,Industrial Pendant Light Black Matte 400mm,4
2024-02-19,LED Emergency Light Built-In Battery 4W,2
2024-02-19,Adjustable Recessed Light 15W Square,3
2024-02-19,Garden Lantern Solar Powered 600mm,1
2024-02-20,LED Smart Bulb 9W RGB WiFi,12
2024-02-20,Dimmable LED Bulb 5W 2700K Soft White,9
2024-02-20,Glass Pendant Light Ø300mm Clear,5
2024-02-20,RGB LED Strip 5m SMD5050 Waterproof,4
2024-02-20,Modern Pendant Light Adjustable Height Gold,2
